[{"model": "dashboard.userdashboardmodule", "pk": 1, "fields": {"title": "Modelos de la aplicaci\u00f3n", "module": "jet.dashboard.modules.ModelList", "app_label": "proveedor", "user": 4, "column": 0, "order": 0, "settings": "{\"models\": [\"proveedor.*\"], \"exclude\": null}", "children": "", "collapsed": false}}, {"model": "dashboard.userdashboardmodule", "pk": 2, "fields": {"title": "Acciones recientes", "module": "jet.dashboard.modules.RecentActions", "app_label": "proveedor", "user": 4, "column": 1, "order": 0, "settings": "{\"limit\": 10, \"include_list\": [\"proveedor.*\"], \"exclude_list\": null, \"user\": null}", "children": "", "collapsed": false}}, {"model": "sites.site", "pk": 1, "fields": {"domain": "example.com", "name": "example.com"}}, {"model": "contenttypes.contenttype", "pk": 1, "fields": {"app_label": "dashboard", "model": "userdashboardmodule"}}, {"model": "contenttypes.contenttype", "pk": 2, "fields": {"app_label": "jet", "model": "bookmark"}}, {"model": "contenttypes.contenttype", "pk": 3, "fields": {"app_label": "jet", "model": "pinnedapplication"}}, {"model": "contenttypes.contenttype", "pk": 4, "fields": {"app_label": "admin", "model": "logentry"}}, {"model": "contenttypes.contenttype", "pk": 5, "fields": {"app_label": "auth", "model": "permission"}}, {"model": "contenttypes.contenttype", "pk": 6, "fields": {"app_label": "auth", "model": "group"}}, {"model": "contenttypes.contenttype", "pk": 7, "fields": {"app_label": "auth", "model": "user"}}, {"model": "contenttypes.contenttype", "pk": 8, "fields": {"app_label": "sites", "model": "site"}}, {"model": "contenttypes.contenttype", "pk": 9, "fields": {"app_label": "contenttypes", "model": "contenttype"}}, {"model": "contenttypes.contenttype", "pk": 10, "fields": {"app_label": "sessions", "model": "session"}}, {"model": "contenttypes.contenttype", "pk": 11, "fields": {"app_label": "asistencia", "model": "asistencia"}}, {"model": "contenttypes.contenttype", "pk": 12, "fields": {"app_label": "proveedor", "model": "beneficio"}}, {"model": "contenttypes.contenttype", "pk": 13, "fields": {"app_label": "proveedor", "model": "servicio"}}, {"model": "contenttypes.contenttype", "pk": 14, "fields": {"app_label": "proveedor", "model": "proveedor"}}, {"model": "contenttypes.contenttype", "pk": 15, "fields": {"app_label": "util", "model": "departamento"}}, {"model": "contenttypes.contenttype", "pk": 16, "fields": {"app_label": "util", "model": "localidad"}}, {"model": "contenttypes.contenttype", "pk": 17, "fields": {"app_label": "capacitacion", "model": "capacitacion"}}, {"model": "contenttypes.contenttype", "pk": 18, "fields": {"app_label": "pagina", "model": "feedback"}}, {"model": "sessions.session", "pk": "583o4kdksxli44t8hkfosnrtf3ltlcgp", "fields": {"session_data": "MDdjMjc0M2U2MDNjMWI1ZTU5ZTFjYTVmZmU5ODZmOWQ0OTQ3Y2EwMDp7Il9hdXRoX3VzZXJfaWQiOiI0IiwiX2F1dGhfdXNlcl9iYWNrZW5kIjoiZGphbmdvLmNvbnRyaWIuYXV0aC5iYWNrZW5kcy5Nb2RlbEJhY2tlbmQiLCJfYXV0aF91c2VyX2hhc2giOiJlZTMyODFlNGJlZTM2NmExOTIwNzU2MDQzYzFmMWNlMDIwMTg0OGUxIn0=", "expire_date": "2018-12-29T16:31:45.669Z"}}, {"model": "sessions.session", "pk": "jovba3i8e1u5s4kx49hxwno2ps1oskld", "fields": {"session_data": "NGI1NzNlM2U1MzE2MGQzOWI0Njg0M2NhNTQ0NmRmMDcwMjZjNDYzYjp7Il9hdXRoX3VzZXJfaWQiOiIyIiwiX2F1dGhfdXNlcl9iYWNrZW5kIjoiZGphbmdvLmNvbnRyaWIuYXV0aC5iYWNrZW5kcy5Nb2RlbEJhY2tlbmQiLCJfYXV0aF91c2VyX2hhc2giOiIxMTQwMWRlNDIyOGRjZTFlNzc0MzFmMzdjYmUwN2E3M2I4MGExMDY3In0=", "expire_date": "2018-12-29T15:59:48.369Z"}}, {"model": "sessions.session", "pk": "jvmmudqr70tp9vhtq0yv4xay83k5so5h", "fields": {"session_data": "NjI0ZmYwYjE5NDM3ODdhZTcxNmM1ZjU5MGJkYzJkOGZmYjUzOGNjNTp7Il9hdXRoX3VzZXJfaWQiOiIzIiwiX2F1dGhfdXNlcl9iYWNrZW5kIjoiZGphbmdvLmNvbnRyaWIuYXV0aC5iYWNrZW5kcy5Nb2RlbEJhY2tlbmQiLCJfYXV0aF91c2VyX2hhc2giOiJlNzU3YThhYzdmZTE0MjU0MzEyOGU0MmQ0ZTYwOWE1YjY5NmE5NDcwIn0=", "expire_date": "2018-12-29T15:59:40.151Z"}}, {"model": "sessions.session", "pk": "n4j7j700ajlrr0vk6vlpmdzbrpphr0ci", "fields": {"session_data": "NThhYjdlYTRlNWI3ODI5Y2IwNTVmZGU0ODIxNjUzOTM2MzBhZmVhZTp7Il9hdXRoX3VzZXJfaWQiOiIxIiwiX2F1dGhfdXNlcl9iYWNrZW5kIjoiZGphbmdvLmNvbnRyaWIuYXV0aC5iYWNrZW5kcy5Nb2RlbEJhY2tlbmQiLCJfYXV0aF91c2VyX2hhc2giOiIyNWY5NjM5ZDFlN2RiOWE2M2MwZDllMTUzYzdkZjA0OGZkZmE2Mzk3In0=", "expire_date": "2018-12-29T17:29:20.794Z"}}, {"model": "sessions.session", "pk": "xivrn9m79y3u6nlh7sqn66xq43fzb16z", "fields": {"session_data": "NTU1ZDhiZGViNTU4YmE0MDQ5M2U1MzBiMGY4YmNiMmFmMDBhNjc2NDp7Il9hdXRoX3VzZXJfaWQiOiI1IiwiX2F1dGhfdXNlcl9iYWNrZW5kIjoiZGphbmdvLmNvbnRyaWIuYXV0aC5iYWNrZW5kcy5Nb2RlbEJhY2tlbmQiLCJfYXV0aF91c2VyX2hhc2giOiI3YTNjMmYwZDdiZTBiNjFhNmIzNDRjOTAyZmZlNTVlZmVmYzAxN2I3In0=", "expire_date": "2018-12-29T16:19:24.417Z"}}, {"model": "sessions.session", "pk": "xx1ptn3xh4ig5h2nt7t1j0j90cvul2jw", "fields": {"session_data": "NThhYjdlYTRlNWI3ODI5Y2IwNTVmZGU0ODIxNjUzOTM2MzBhZmVhZTp7Il9hdXRoX3VzZXJfaWQiOiIxIiwiX2F1dGhfdXNlcl9iYWNrZW5kIjoiZGphbmdvLmNvbnRyaWIuYXV0aC5iYWNrZW5kcy5Nb2RlbEJhY2tlbmQiLCJfYXV0aF91c2VyX2hhc2giOiIyNWY5NjM5ZDFlN2RiOWE2M2MwZDllMTUzYzdkZjA0OGZkZmE2Mzk3In0=", "expire_date": "2018-12-29T03:42:46.909Z"}}, {"model": "asistencia.asistencia", "pk": 3, "fields": {"fecha": "2018-12-15T15:51:26Z", "descripcion": "", "capacitacion": 1, "proveedor": [1, 2]}}, {"model": "asistencia.asistencia", "pk": 5, "fields": {"fecha": "2018-12-15T16:25:56Z", "descripcion": "deg", "capacitacion": 1, "proveedor": [1, 2]}}, {"model": "asistencia.asistencia", "pk": 6, "fields": {"fecha": "2018-12-15T16:32:50Z", "descripcion": "wrgrwg", "capacitacion": 1, "proveedor": [2]}}, {"model": "asistencia.asistencia", "pk": 7, "fields": {"fecha": "2018-12-15T16:37:27Z", "descripcion": "weefwfwf", "capacitacion": 1, "proveedor": [1]}}, {"model": "asistencia.asistencia", "pk": 8, "fields": {"fecha": "2018-12-15T16:38:56Z", "descripcion": "", "capacitacion": 2, "proveedor": [1, 2]}}, {"model": "asistencia.asistencia", "pk": 9, "fields": {"fecha": "2018-12-15T16:39:28Z", "descripcion": "", "capacitacion": 1, "proveedor": [1]}}, {"model": "asistencia.asistencia", "pk": 10, "fields": {"fecha": "2018-12-15T16:40:48Z", "descripcion": "wrgwrg", "capacitacion": 2, "proveedor": [2]}}, {"model": "asistencia.asistencia", "pk": 11, "fields": {"fecha": "2018-12-15T16:42:42Z", "descripcion": "dfbd", "capacitacion": 1, "proveedor": [2]}}, {"model": "asistencia.asistencia", "pk": 12, "fields": {"fecha": "2018-12-15T16:43:33Z", "descripcion": "rger", "capacitacion": 1, "proveedor": [1]}}, {"model": "asistencia.asistencia", "pk": 14, "fields": {"fecha": "2018-12-15T16:44:23Z", "descripcion": "", "capacitacion": 1, "proveedor": [2]}}, {"model": "asistencia.asistencia", "pk": 15, "fields": {"fecha": "2018-12-15T16:45:16Z", "descripcion": "ergeg", "capacitacion": 1, "proveedor": [1]}}, {"model": "asistencia.asistencia", "pk": 16, "fields": {"fecha": "2018-12-15T16:49:16Z", "descripcion": "", "capacitacion": 1, "proveedor": [2]}}, {"model": "asistencia.asistencia", "pk": 17, "fields": {"fecha": "2018-12-15T16:59:39Z", "descripcion": "", "capacitacion": 3, "proveedor": [1, 2]}}, {"model": "asistencia.asistencia", "pk": 18, "fields": {"fecha": "2018-12-15T17:01:16Z", "descripcion": "wegwfw", "capacitacion": 4, "proveedor": [2]}}, {"model": "asistencia.asistencia", "pk": 19, "fields": {"fecha": "2018-12-15T17:02:30Z", "descripcion": "", "capacitacion": 4, "proveedor": [2]}}, {"model": "asistencia.asistencia", "pk": 20, "fields": {"fecha": "2018-12-15T17:03:57Z", "descripcion": "gege", "capacitacion": 5, "proveedor": [2]}}, {"model": "asistencia.asistencia", "pk": 21, "fields": {"fecha": "2018-12-15T17:05:02Z", "descripcion": "", "capacitacion": 2, "proveedor": [2]}}, {"model": "asistencia.asistencia", "pk": 22, "fields": {"fecha": "2018-12-15T17:06:33Z", "descripcion": "erger", "capacitacion": 6, "proveedor": [2]}}, {"model": "asistencia.asistencia", "pk": 23, "fields": {"fecha": "2018-12-15T17:07:05Z", "descripcion": "eeg", "capacitacion": 3, "proveedor": [2]}}, {"model": "asistencia.asistencia", "pk": 24, "fields": {"fecha": "2018-12-15T17:08:23Z", "descripcion": "rrh", "capacitacion": 2, "proveedor": [1, 2]}}, {"model": "asistencia.asistencia", "pk": 26, "fields": {"fecha": "2018-12-15T17:22:04Z", "descripcion": "rge", "capacitacion": 2, "proveedor": [2]}}, {"model": "asistencia.asistencia", "pk": 27, "fields": {"fecha": "2018-12-15T17:22:32Z", "descripcion": "", "capacitacion": 2, "proveedor": [2]}}, {"model": "asistencia.asistencia", "pk": 28, "fields": {"fecha": "2018-12-15T17:23:57Z", "descripcion": "ergeg", "capacitacion": 1, "proveedor": [2]}}, {"model": "asistencia.asistencia", "pk": 29, "fields": {"fecha": "2018-12-15T17:25:03Z", "descripcion": "", "capacitacion": 2, "proveedor": [2]}}, {"model": "asistencia.asistencia", "pk": 32, "fields": {"fecha": "2018-12-15T17:29:58Z", "descripcion": "egegeg", "capacitacion": 2, "proveedor": [2]}}, {"model": "asistencia.asistencia", "pk": 33, "fields": {"fecha": "2018-12-15T17:31:55Z", "descripcion": "", "capacitacion": 2, "proveedor": [2]}}, {"model": "asistencia.asistencia", "pk": 34, "fields": {"fecha": "2018-12-15T17:32:31Z", "descripcion": "", "capacitacion": 2, "proveedor": [2]}}, {"model": "asistencia.asistencia", "pk": 35, "fields": {"fecha": "2018-12-15T17:40:45Z", "descripcion": "dfbdb", "capacitacion": 2, "proveedor": [2]}}, {"model": "asistencia.asistencia", "pk": 36, "fields": {"fecha": "2018-12-15T17:42:12Z", "descripcion": "greg", "capacitacion": 2, "proveedor": [2]}}, {"model": "asistencia.asistencia", "pk": 37, "fields": {"fecha": "2018-12-15T17:42:57Z", "descripcion": "ergre", "capacitacion": 3, "proveedor": [2]}}, {"model": "asistencia.asistencia", "pk": 38, "fields": {"fecha": "2018-12-15T17:44:34Z", "descripcion": "eeg", "capacitacion": 2, "proveedor": [1, 2]}}, {"model": "asistencia.asistencia", "pk": 42, "fields": {"fecha": "2018-12-15T17:56:00Z", "descripcion": "", "capacitacion": 2, "proveedor": [2]}}, {"model": "asistencia.asistencia", "pk": 43, "fields": {"fecha": "2018-12-15T17:59:34Z", "descripcion": "rr", "capacitacion": 3, "proveedor": [2]}}, {"model": "asistencia.asistencia", "pk": 44, "fields": {"fecha": "2018-12-16T07:50:53Z", "descripcion": "fwgwjwogwjfoi", "capacitacion": 2, "proveedor": [1, 2]}}, {"model": "asistencia.asistencia", "pk": 45, "fields": {"fecha": "2018-12-16T07:51:38Z", "descripcion": "wrgwgwg", "capacitacion": 2, "proveedor": [2]}}, {"model": "asistencia.asistencia", "pk": 46, "fields": {"fecha": "2018-12-16T09:39:15Z", "descripcion": "wgwwwgr", "capacitacion": 2, "proveedor": [1, 2]}}, {"model": "capacitacion.capacitacion", "pk": 1, "fields": {"nombre_dir": null, "numero_dir": null, "localidad": null, "ubicacion": null, "nombre": "Calidad en la atenci\u00f3n al cliente", "inicio": "2019-01-01T19:45:00Z", "fin": "2019-01-01T20:50:00Z", "horas": "19:20:00", "puntos_incrementar": 500}}, {"model": "capacitacion.capacitacion", "pk": 2, "fields": {"nombre_dir": null, "numero_dir": null, "localidad": null, "ubicacion": null, "nombre": "Gesti\u00f3n de los Recursos Humanos y Materiales", "inicio": "2018-12-29T00:50:00Z", "fin": "2018-12-29T01:35:00Z", "horas": "03:00:00", "puntos_incrementar": 250}}, {"model": "capacitacion.capacitacion", "pk": 3, "fields": {"nombre_dir": null, "numero_dir": null, "localidad": null, "ubicacion": null, "nombre": "Idiomas Tur\u00edsticos", "inicio": "2018-12-29T11:30:00Z", "fin": "2018-12-29T13:30:00Z", "horas": "02:00:00", "puntos_incrementar": 500}}, {"model": "capacitacion.capacitacion", "pk": 4, "fields": {"nombre_dir": null, "numero_dir": null, "localidad": null, "ubicacion": null, "nombre": "Accesibilidad Tur\u00edstica", "inicio": "2019-01-15T16:30:00Z", "fin": "2019-01-15T20:30:00Z", "horas": "06:00:00", "puntos_incrementar": 500}}, {"model": "capacitacion.capacitacion", "pk": 5, "fields": {"nombre_dir": null, "numero_dir": null, "localidad": null, "ubicacion": null, "nombre": "Sustentabilidad y Sostenibilidad Tur\u00edstica", "inicio": "2019-02-13T18:45:00Z", "fin": "2019-02-13T19:45:00Z", "horas": "02:00:00", "puntos_incrementar": 250}}, {"model": "capacitacion.capacitacion", "pk": 6, "fields": {"nombre_dir": null, "numero_dir": null, "localidad": null, "ubicacion": null, "nombre": "Competitividad y Calidad para PyMEs Tur\u00edsticas", "inicio": "2019-10-21T18:45:00Z", "fin": "2019-10-21T19:45:00Z", "horas": "03:00:00", "puntos_incrementar": 200}}, {"model": "capacitacion.capacitacion", "pk": 7, "fields": {"nombre_dir": null, "numero_dir": null, "localidad": null, "ubicacion": "SRID=4326;POINT (-30.13635388224256 -66.23791339687216)", "nombre": "Seguridad Tur\u00edstica", "inicio": "2019-03-14T12:50:00Z", "fin": "2019-03-15T12:50:00Z", "horas": "04:00:00", "puntos_incrementar": 250}}, {"model": "proveedor.servicio", "pk": 2, "fields": {"nombre": "Gastronom\u00eda"}}, {"model": "proveedor.servicio", "pk": 3, "fields": {"nombre": "Hoteler\u00eda"}}, {"model": "proveedor.servicio", "pk": 4, "fields": {"nombre": "Transporte"}}, {"model": "proveedor.servicio", "pk": 5, "fields": {"nombre": "Agentes Tur\u00edsticos"}}, {"model": "proveedor.servicio", "pk": 6, "fields": {"nombre": "Diversi\u00f3n y Recreaci\u00f3n"}}, {"model": "proveedor.servicio", "pk": 7, "fields": {"nombre": "Gastronom\u00eda"}}, {"model": "proveedor.beneficio", "pk": 1, "fields": {"nombre": "publicidad 3 dias", "puntos": 500, "servicio": 2}}, {"model": "proveedor.beneficio", "pk": 2, "fields": {"nombre": "publicidad 3 dias", "puntos": 5000, "servicio": 3}}, {"model": "proveedor.beneficio", "pk": 3, "fields": {"nombre": "publicidad 3 dias", "puntos": 5000, "servicio": 4}}, {"model": "proveedor.beneficio", "pk": 4, "fields": {"nombre": "publicidad 3 dias", "puntos": 5000, "servicio": 5}}, {"model": "proveedor.beneficio", "pk": 5, "fields": {"nombre": "publicidad 3 dias", "puntos": 5000, "servicio": 6}}, {"model": "proveedor.beneficio", "pk": 6, "fields": {"nombre": "publicidad 5 dias", "puntos": 10000, "servicio": 2}}, {"model": "proveedor.beneficio", "pk": 7, "fields": {"nombre": "publicidad 5 dias", "puntos": 10000, "servicio": 3}}, {"model": "proveedor.beneficio", "pk": 8, "fields": {"nombre": "publicidad 5 dias", "puntos": 10000, "servicio": 4}}, {"model": "proveedor.beneficio", "pk": 10, "fields": {"nombre": "publicidad 5 dias", "puntos": 10000, "servicio": 5}}, {"model": "proveedor.beneficio", "pk": 11, "fields": {"nombre": "publicidad 5 dias", "puntos": 10000, "servicio": 6}}, {"model": "proveedor.beneficio", "pk": 12, "fields": {"nombre": "bien de uso 1", "puntos": 50000, "servicio": 2}}, {"model": "proveedor.beneficio", "pk": 13, "fields": {"nombre": "bien de uso 2", "puntos": 50000, "servicio": 3}}, {"model": "proveedor.beneficio", "pk": 14, "fields": {"nombre": "bien de uso 3", "puntos": 50000, "servicio": 4}}, {"model": "proveedor.beneficio", "pk": 15, "fields": {"nombre": "bien de uso 4", "puntos": 50000, "servicio": 5}}, {"model": "proveedor.beneficio", "pk": 16, "fields": {"nombre": "bien de uso 5", "puntos": 50000, "servicio": 6}}, {"model": "proveedor.beneficio", "pk": 17, "fields": {"nombre": "20% de descuento en Rentas Municipales", "puntos": 3000, "servicio": 7}}, {"model": "proveedor.beneficio", "pk": 18, "fields": {"nombre": "40% de decuento en Rentas Municipales", "puntos": 5000, "servicio": 2}}, {"model": "proveedor.beneficio", "pk": 19, "fields": {"nombre": "exenci\u00f3n IIBB", "puntos": 100000, "servicio": 2}}, {"model": "proveedor.proveedor", "pk": 1, "fields": {"nombre_dir": "wefewf", "numero_dir": 12, "localidad": null, "ubicacion": null, "nombre": "Proveedor 1", "cuit": "231243", "telefono": 23424, "puntos": 750, "historico_puntos": 750, "servicio": [3, 4]}}, {"model": "proveedor.proveedor", "pk": 2, "fields": {"nombre_dir": "fgw", "numero_dir": 23, "localidad": null, "ubicacion": null, "nombre": "Proveedor 2", "cuit": "23424", "telefono": 232, "puntos": 2000, "historico_puntos": 2000, "servicio": [4, 5]}}, {"model": "proveedor.proveedor", "pk": 4, "fields": {"nombre_dir": null, "numero_dir": null, "localidad": null, "ubicacion": null, "nombre": "Proveedor 3", "cuit": "24324", "telefono": 32424, "puntos": 0, "historico_puntos": 0, "servicio": [3, 5]}}, {"model": "proveedor.proveedor", "pk": 5, "fields": {"nombre_dir": null, "numero_dir": null, "localidad": null, "ubicacion": null, "nombre": "Proveedor 4", "cuit": "234235", "telefono": null, "puntos": 0, "historico_puntos": 0, "servicio": [3, 4]}}, {"model": "pagina.feedback", "pk": 5, "fields": {"tipo": "CL", "mensaje": "dfgege", "valoracion": 1, "proveedor": 1, "capacitacion": null}}, {"model": "pagina.feedback", "pk": 6, "fields": {"tipo": "CL", "mensaje": "wfggwggrwgw", "valoracion": 3, "proveedor": 2, "capacitacion": null}}, {"model": "pagina.feedback", "pk": 7, "fields": {"tipo": "PR", "mensaje": "bebee", "valoracion": 1, "proveedor": null, "capacitacion": 4}}, {"model": "pagina.feedback", "pk": 8, "fields": {"tipo": "CL", "mensaje": "wgwgwgw", "valoracion": 1, "proveedor": 2, "capacitacion": null}}, {"model": "auth.permission", "pk": 1, "fields": {"name": "Can add user dashboard module", "content_type": 1, "codename": "add_userdashboardmodule"}}, {"model": "auth.permission", "pk": 2, "fields": {"name": "Can change user dashboard module", "content_type": 1, "codename": "change_userdashboardmodule"}}, {"model": "auth.permission", "pk": 3, "fields": {"name": "Can delete user dashboard module", "content_type": 1, "codename": "delete_userdashboardmodule"}}, {"model": "auth.permission", "pk": 4, "fields": {"name": "Can view user dashboard module", "content_type": 1, "codename": "view_userdashboardmodule"}}, {"model": "auth.permission", "pk": 5, "fields": {"name": "Can add bookmark", "content_type": 2, "codename": "add_bookmark"}}, {"model": "auth.permission", "pk": 6, "fields": {"name": "Can change bookmark", "content_type": 2, "codename": "change_bookmark"}}, {"model": "auth.permission", "pk": 7, "fields": {"name": "Can delete bookmark", "content_type": 2, "codename": "delete_bookmark"}}, {"model": "auth.permission", "pk": 8, "fields": {"name": "Can view bookmark", "content_type": 2, "codename": "view_bookmark"}}, {"model": "auth.permission", "pk": 9, "fields": {"name": "Can add pinned application", "content_type": 3, "codename": "add_pinnedapplication"}}, {"model": "auth.permission", "pk": 10, "fields": {"name": "Can change pinned application", "content_type": 3, "codename": "change_pinnedapplication"}}, {"model": "auth.permission", "pk": 11, "fields": {"name": "Can delete pinned application", "content_type": 3, "codename": "delete_pinnedapplication"}}, {"model": "auth.permission", "pk": 12, "fields": {"name": "Can view pinned application", "content_type": 3, "codename": "view_pinnedapplication"}}, {"model": "auth.permission", "pk": 13, "fields": {"name": "Can add log entry", "content_type": 4, "codename": "add_logentry"}}, {"model": "auth.permission", "pk": 14, "fields": {"name": "Can change log entry", "content_type": 4, "codename": "change_logentry"}}, {"model": "auth.permission", "pk": 15, "fields": {"name": "Can delete log entry", "content_type": 4, "codename": "delete_logentry"}}, {"model": "auth.permission", "pk": 16, "fields": {"name": "Can view log entry", "content_type": 4, "codename": "view_logentry"}}, {"model": "auth.permission", "pk": 17, "fields": {"name": "Can add permission", "content_type": 5, "codename": "add_permission"}}, {"model": "auth.permission", "pk": 18, "fields": {"name": "Can change permission", "content_type": 5, "codename": "change_permission"}}, {"model": "auth.permission", "pk": 19, "fields": {"name": "Can delete permission", "content_type": 5, "codename": "delete_permission"}}, {"model": "auth.permission", "pk": 20, "fields": {"name": "Can view permission", "content_type": 5, "codename": "view_permission"}}, {"model": "auth.permission", "pk": 21, "fields": {"name": "Can add group", "content_type": 6, "codename": "add_group"}}, {"model": "auth.permission", "pk": 22, "fields": {"name": "Can change group", "content_type": 6, "codename": "change_group"}}, {"model": "auth.permission", "pk": 23, "fields": {"name": "Can delete group", "content_type": 6, "codename": "delete_group"}}, {"model": "auth.permission", "pk": 24, "fields": {"name": "Can view group", "content_type": 6, "codename": "view_group"}}, {"model": "auth.permission", "pk": 25, "fields": {"name": "Can add user", "content_type": 7, "codename": "add_user"}}, {"model": "auth.permission", "pk": 26, "fields": {"name": "Can change user", "content_type": 7, "codename": "change_user"}}, {"model": "auth.permission", "pk": 27, "fields": {"name": "Can delete user", "content_type": 7, "codename": "delete_user"}}, {"model": "auth.permission", "pk": 28, "fields": {"name": "Can view user", "content_type": 7, "codename": "view_user"}}, {"model": "auth.permission", "pk": 29, "fields": {"name": "Can add site", "content_type": 8, "codename": "add_site"}}, {"model": "auth.permission", "pk": 30, "fields": {"name": "Can change site", "content_type": 8, "codename": "change_site"}}, {"model": "auth.permission", "pk": 31, "fields": {"name": "Can delete site", "content_type": 8, "codename": "delete_site"}}, {"model": "auth.permission", "pk": 32, "fields": {"name": "Can view site", "content_type": 8, "codename": "view_site"}}, {"model": "auth.permission", "pk": 33, "fields": {"name": "Can add content type", "content_type": 9, "codename": "add_contenttype"}}, {"model": "auth.permission", "pk": 34, "fields": {"name": "Can change content type", "content_type": 9, "codename": "change_contenttype"}}, {"model": "auth.permission", "pk": 35, "fields": {"name": "Can delete content type", "content_type": 9, "codename": "delete_contenttype"}}, {"model": "auth.permission", "pk": 36, "fields": {"name": "Can view content type", "content_type": 9, "codename": "view_contenttype"}}, {"model": "auth.permission", "pk": 37, "fields": {"name": "Can add session", "content_type": 10, "codename": "add_session"}}, {"model": "auth.permission", "pk": 38, "fields": {"name": "Can change session", "content_type": 10, "codename": "change_session"}}, {"model": "auth.permission", "pk": 39, "fields": {"name": "Can delete session", "content_type": 10, "codename": "delete_session"}}, {"model": "auth.permission", "pk": 40, "fields": {"name": "Can view session", "content_type": 10, "codename": "view_session"}}, {"model": "auth.permission", "pk": 41, "fields": {"name": "Can add asistencia", "content_type": 11, "codename": "add_asistencia"}}, {"model": "auth.permission", "pk": 42, "fields": {"name": "Can change asistencia", "content_type": 11, "codename": "change_asistencia"}}, {"model": "auth.permission", "pk": 43, "fields": {"name": "Can delete asistencia", "content_type": 11, "codename": "delete_asistencia"}}, {"model": "auth.permission", "pk": 44, "fields": {"name": "Can view asistencia", "content_type": 11, "codename": "view_asistencia"}}, {"model": "auth.permission", "pk": 45, "fields": {"name": "Can add beneficio", "content_type": 12, "codename": "add_beneficio"}}, {"model": "auth.permission", "pk": 46, "fields": {"name": "Can change beneficio", "content_type": 12, "codename": "change_beneficio"}}, {"model": "auth.permission", "pk": 47, "fields": {"name": "Can delete beneficio", "content_type": 12, "codename": "delete_beneficio"}}, {"model": "auth.permission", "pk": 48, "fields": {"name": "Can view beneficio", "content_type": 12, "codename": "view_beneficio"}}, {"model": "auth.permission", "pk": 49, "fields": {"name": "Can add servicio", "content_type": 13, "codename": "add_servicio"}}, {"model": "auth.permission", "pk": 50, "fields": {"name": "Can change servicio", "content_type": 13, "codename": "change_servicio"}}, {"model": "auth.permission", "pk": 51, "fields": {"name": "Can delete servicio", "content_type": 13, "codename": "delete_servicio"}}, {"model": "auth.permission", "pk": 52, "fields": {"name": "Can view servicio", "content_type": 13, "codename": "view_servicio"}}, {"model": "auth.permission", "pk": 53, "fields": {"name": "Can add proveedor", "content_type": 14, "codename": "add_proveedor"}}, {"model": "auth.permission", "pk": 54, "fields": {"name": "Can change proveedor", "content_type": 14, "codename": "change_proveedor"}}, {"model": "auth.permission", "pk": 55, "fields": {"name": "Can delete proveedor", "content_type": 14, "codename": "delete_proveedor"}}, {"model": "auth.permission", "pk": 56, "fields": {"name": "Can view proveedor", "content_type": 14, "codename": "view_proveedor"}}, {"model": "auth.permission", "pk": 57, "fields": {"name": "Can add departamento", "content_type": 15, "codename": "add_departamento"}}, {"model": "auth.permission", "pk": 58, "fields": {"name": "Can change departamento", "content_type": 15, "codename": "change_departamento"}}, {"model": "auth.permission", "pk": 59, "fields": {"name": "Can delete departamento", "content_type": 15, "codename": "delete_departamento"}}, {"model": "auth.permission", "pk": 60, "fields": {"name": "Can view departamento", "content_type": 15, "codename": "view_departamento"}}, {"model": "auth.permission", "pk": 61, "fields": {"name": "Can add localidad", "content_type": 16, "codename": "add_localidad"}}, {"model": "auth.permission", "pk": 62, "fields": {"name": "Can change localidad", "content_type": 16, "codename": "change_localidad"}}, {"model": "auth.permission", "pk": 63, "fields": {"name": "Can delete localidad", "content_type": 16, "codename": "delete_localidad"}}, {"model": "auth.permission", "pk": 64, "fields": {"name": "Can view localidad", "content_type": 16, "codename": "view_localidad"}}, {"model": "auth.permission", "pk": 65, "fields": {"name": "Can add capacitacion", "content_type": 17, "codename": "add_capacitacion"}}, {"model": "auth.permission", "pk": 66, "fields": {"name": "Can change capacitacion", "content_type": 17, "codename": "change_capacitacion"}}, {"model": "auth.permission", "pk": 67, "fields": {"name": "Can delete capacitacion", "content_type": 17, "codename": "delete_capacitacion"}}, {"model": "auth.permission", "pk": 68, "fields": {"name": "Can view capacitacion", "content_type": 17, "codename": "view_capacitacion"}}, {"model": "auth.permission", "pk": 69, "fields": {"name": "Can add feed back", "content_type": 18, "codename": "add_feedback"}}, {"model": "auth.permission", "pk": 70, "fields": {"name": "Can change feed back", "content_type": 18, "codename": "change_feedback"}}, {"model": "auth.permission", "pk": 71, "fields": {"name": "Can delete feed back", "content_type": 18, "codename": "delete_feedback"}}, {"model": "auth.permission", "pk": 72, "fields": {"name": "Can view feed back", "content_type": 18, "codename": "view_feedback"}}, {"model": "auth.user", "pk": 1, "fields": {"password": "pbkdf2_sha256$120000$esRdi8PC5ywX$ExBY9Q+/1qu+M+vhPZKAhONYjup+PTxqOl9vL/3GOhA=", "last_login": "2018-12-15T17:29:20.790Z", "is_superuser": true, "username": "flavio", "first_name": "", "last_name": "", "email": "flavio@gmail.com", "is_staff": true, "is_active": true, "date_joined": "2018-12-15T03:42:39.542Z", "groups": [], "user_permissions": []}}, {"model": "auth.user", "pk": 2, "fields": {"password": "pbkdf2_sha256$120000$V7NkBTIh0HFY$Ea1yewk4qB+mbD9ux1t99aUN2QeF6qv6btBcyC8xaj0=", "last_login": "2018-12-15T15:59:48.367Z", "is_superuser": true, "username": "anita", "first_name": "", "last_name": "", "email": "", "is_staff": true, "is_active": true, "date_joined": "2018-12-15T15:58:42.363Z", "groups": [], "user_permissions": []}}, {"model": "auth.user", "pk": 3, "fields": {"password": "pbkdf2_sha256$120000$UDXz8Chqp9FE$VbgtxTZ4Bx2QwRv0hiWUJpNz3YLiRUfFmmwX/EvZmX4=", "last_login": "2018-12-15T15:59:40.149Z", "is_superuser": true, "username": "lucas", "first_name": "", "last_name": "", "email": "", "is_staff": true, "is_active": true, "date_joined": "2018-12-15T15:58:54.576Z", "groups": [], "user_permissions": []}}, {"model": "auth.user", "pk": 4, "fields": {"password": "pbkdf2_sha256$120000$DI0lbSwHPrjG$MFOJ1Peg/ubV2OUjA5fgXyN+B9N8ttG+zg8YlxZkZrU=", "last_login": "2018-12-15T16:31:45.665Z", "is_superuser": true, "username": "rina", "first_name": "", "last_name": "", "email": "", "is_staff": true, "is_active": true, "date_joined": "2018-12-15T15:59:07.370Z", "groups": [], "user_permissions": []}}, {"model": "auth.user", "pk": 5, "fields": {"password": "pbkdf2_sha256$120000$wxMzn9jqqsEf$THndgwWQK6rLR5PTHdCvjTeqDRpULAt3bissI/dbwZ8=", "last_login": "2018-12-15T16:19:24.413Z", "is_superuser": true, "username": "nahuel", "first_name": "", "last_name": "", "email": "", "is_staff": true, "is_active": true, "date_joined": "2018-12-15T16:14:42.398Z", "groups": [], "user_permissions": []}}, {"model": "admin.logentry", "pk": 1, "fields": {"action_time": "2018-12-15T15:16:07.673Z", "user": 1, "content_type": 13, "object_id": "1", "object_repr": "Servicio1", "action_flag": 1, "change_message": "[{\"added\": {}}]"}}, {"model": "admin.logentry", "pk": 2, "fields": {"action_time": "2018-12-15T15:16:09.836Z", "user": 1, "content_type": 14, "object_id": "1", "object_repr": "wgwgwgw", "action_flag": 1, "change_message": "[{\"added\": {}}]"}}, {"model": "admin.logentry", "pk": 3, "fields": {"action_time": "2018-12-15T15:16:36.005Z", "user": 1, "content_type": 14, "object_id": "2", "object_repr": "proveedor2", "action_flag": 1, "change_message": "[{\"added\": {}}]"}}, {"model": "admin.logentry", "pk": 4, "fields": {"action_time": "2018-12-15T15:17:16.294Z", "user": 1, "content_type": 11, "object_id": "2", "object_repr": "2018-12-15 12:15:18-03:00", "action_flag": 1, "change_message": "[{\"added\": {}}]"}}, {"model": "admin.logentry", "pk": 5, "fields": {"action_time": "2018-12-15T15:28:15.745Z", "user": 1, "content_type": 11, "object_id": "2", "object_repr": "2018-12-15 15:15:18+00:00", "action_flag": 3, "change_message": ""}}, {"model": "admin.logentry", "pk": 6, "fields": {"action_time": "2018-12-15T15:54:02.847Z", "user": 1, "content_type": 17, "object_id": "1", "object_repr": "Taller de hoteleria", "action_flag": 1, "change_message": "[{\"added\": {}}]"}}, {"model": "admin.logentry", "pk": 7, "fields": {"action_time": "2018-12-15T15:54:15.966Z", "user": 1, "content_type": 11, "object_id": "3", "object_repr": "2018-12-15 12:51:26-03:00", "action_flag": 1, "change_message": "[{\"added\": {}}]"}}, {"model": "admin.logentry", "pk": 8, "fields": {"action_time": "2018-12-15T16:25:13.515Z", "user": 1, "content_type": 17, "object_id": "1", "object_repr": "Taller de hoteleria", "action_flag": 2, "change_message": "[{\"changed\": {\"fields\": [\"puntos_incrementar\"]}}]"}}, {"model": "admin.logentry", "pk": 9, "fields": {"action_time": "2018-12-15T16:25:38.855Z", "user": 1, "content_type": 17, "object_id": "1", "object_repr": "Taller de hoteleria", "action_flag": 2, "change_message": "[]"}}, {"model": "admin.logentry", "pk": 10, "fields": {"action_time": "2018-12-15T16:26:06.383Z", "user": 1, "content_type": 11, "object_id": "5", "object_repr": "2018-12-15 13:25:56-03:00", "action_flag": 1, "change_message": "[{\"added\": {}}]"}}, {"model": "admin.logentry", "pk": 11, "fields": {"action_time": "2018-12-15T16:32:58.499Z", "user": 1, "content_type": 11, "object_id": "6", "object_repr": "2018-12-15 13:32:50-03:00", "action_flag": 1, "change_message": "[{\"added\": {}}]"}}, {"model": "admin.logentry", "pk": 12, "fields": {"action_time": "2018-12-15T16:36:33.866Z", "user": 4, "content_type": 17, "object_id": "1", "object_repr": "Calidad en la atenci\u00f3n al cliente", "action_flag": 2, "change_message": "[{\"changed\": {\"fields\": [\"nombre\", \"inicio\", \"fin\", \"puntos_incrementar\"]}}]"}}, {"model": "admin.logentry", "pk": 13, "fields": {"action_time": "2018-12-15T16:37:41.427Z", "user": 1, "content_type": 11, "object_id": "7", "object_repr": "2018-12-15 13:37:27-03:00", "action_flag": 1, "change_message": "[{\"added\": {}}]"}}, {"model": "admin.logentry", "pk": 14, "fields": {"action_time": "2018-12-15T16:38:59.246Z", "user": 4, "content_type": 17, "object_id": "2", "object_repr": "Gesti\u00f3n de los Recursos Humanos y Materiales", "action_flag": 1, "change_message": "[{\"added\": {}}]"}}, {"model": "admin.logentry", "pk": 15, "fields": {"action_time": "2018-12-15T16:39:05.332Z", "user": 1, "content_type": 11, "object_id": "8", "object_repr": "2018-12-15 13:38:56-03:00", "action_flag": 1, "change_message": "[{\"added\": {}}]"}}, {"model": "admin.logentry", "pk": 16, "fields": {"action_time": "2018-12-15T16:39:35.348Z", "user": 1, "content_type": 11, "object_id": "9", "object_repr": "2018-12-15 13:39:28-03:00", "action_flag": 1, "change_message": "[{\"added\": {}}]"}}, {"model": "admin.logentry", "pk": 17, "fields": {"action_time": "2018-12-15T16:41:02.293Z", "user": 1, "content_type": 11, "object_id": "10", "object_repr": "2018-12-15 13:40:48-03:00", "action_flag": 1, "change_message": "[{\"added\": {}}]"}}, {"model": "admin.logentry", "pk": 18, "fields": {"action_time": "2018-12-15T16:41:43.092Z", "user": 4, "content_type": 17, "object_id": "3", "object_repr": "Idiomas Tur\u00edsticos", "action_flag": 1, "change_message": "[{\"added\": {}}]"}}, {"model": "admin.logentry", "pk": 19, "fields": {"action_time": "2018-12-15T16:42:49.091Z", "user": 1, "content_type": 11, "object_id": "11", "object_repr": "2018-12-15 13:42:42-03:00", "action_flag": 1, "change_message": "[{\"added\": {}}]"}}, {"model": "admin.logentry", "pk": 20, "fields": {"action_time": "2018-12-15T16:43:39.994Z", "user": 1, "content_type": 11, "object_id": "12", "object_repr": "2018-12-15 13:43:33-03:00", "action_flag": 1, "change_message": "[{\"added\": {}}]"}}, {"model": "admin.logentry", "pk": 21, "fields": {"action_time": "2018-12-15T16:44:13.722Z", "user": 4, "content_type": 17, "object_id": "4", "object_repr": "Accesibilidad Tur\u00edstica", "action_flag": 1, "change_message": "[{\"added\": {}}]"}}, {"model": "admin.logentry", "pk": 22, "fields": {"action_time": "2018-12-15T16:45:02.112Z", "user": 1, "content_type": 11, "object_id": "14", "object_repr": "2018-12-15 13:44:23-03:00", "action_flag": 1, "change_message": "[{\"added\": {}}]"}}, {"model": "admin.logentry", "pk": 23, "fields": {"action_time": "2018-12-15T16:45:23.460Z", "user": 1, "content_type": 11, "object_id": "15", "object_repr": "2018-12-15 13:45:16-03:00", "action_flag": 1, "change_message": "[{\"added\": {}}]"}}, {"model": "admin.logentry", "pk": 24, "fields": {"action_time": "2018-12-15T16:45:33.998Z", "user": 4, "content_type": 17, "object_id": "5", "object_repr": "Sustentabilidad y Sostenibilidad Tur\u00edstica", "action_flag": 1, "change_message": "[{\"added\": {}}]"}}, {"model": "admin.logentry", "pk": 25, "fields": {"action_time": "2018-12-15T16:47:44.903Z", "user": 4, "content_type": 17, "object_id": "6", "object_repr": "Competitividad y Calidad para PyMEs Tur\u00edsticas", "action_flag": 1, "change_message": "[{\"added\": {}}]"}}, {"model": "admin.logentry", "pk": 26, "fields": {"action_time": "2018-12-15T16:48:31.966Z", "user": 4, "content_type": 17, "object_id": "7", "object_repr": "Seguridad Tur\u00edstica", "action_flag": 1, "change_message": "[{\"added\": {}}]"}}, {"model": "admin.logentry", "pk": 27, "fields": {"action_time": "2018-12-15T16:49:23.596Z", "user": 1, "content_type": 11, "object_id": "16", "object_repr": "2018-12-15 13:49:16-03:00", "action_flag": 1, "change_message": "[{\"added\": {}}]"}}, {"model": "admin.logentry", "pk": 28, "fields": {"action_time": "2018-12-15T16:56:56.756Z", "user": 1, "content_type": 11, "object_id": "8", "object_repr": "2018-12-15 13:38:56-03:00", "action_flag": 2, "change_message": "[{\"changed\": {\"fields\": [\"capacitacion\"]}}]"}}, {"model": "admin.logentry", "pk": 29, "fields": {"action_time": "2018-12-15T17:00:30.623Z", "user": 1, "content_type": 11, "object_id": "17", "object_repr": "2018-12-15 13:59:39-03:00", "action_flag": 1, "change_message": "[{\"added\": {}}]"}}, {"model": "admin.logentry", "pk": 30, "fields": {"action_time": "2018-12-15T17:01:30.731Z", "user": 1, "content_type": 11, "object_id": "18", "object_repr": "2018-12-15 14:01:16-03:00", "action_flag": 1, "change_message": "[{\"added\": {}}]"}}, {"model": "admin.logentry", "pk": 31, "fields": {"action_time": "2018-12-15T17:02:37.156Z", "user": 1, "content_type": 11, "object_id": "19", "object_repr": "2018-12-15 14:02:30-03:00", "action_flag": 1, "change_message": "[{\"added\": {}}]"}}, {"model": "admin.logentry", "pk": 32, "fields": {"action_time": "2018-12-15T17:04:05.638Z", "user": 1, "content_type": 11, "object_id": "20", "object_repr": "2018-12-15 14:03:57-03:00", "action_flag": 1, "change_message": "[{\"added\": {}}]"}}, {"model": "admin.logentry", "pk": 33, "fields": {"action_time": "2018-12-15T17:05:11.959Z", "user": 1, "content_type": 11, "object_id": "21", "object_repr": "2018-12-15 14:05:02-03:00", "action_flag": 1, "change_message": "[{\"added\": {}}]"}}, {"model": "admin.logentry", "pk": 34, "fields": {"action_time": "2018-12-15T17:06:42.375Z", "user": 1, "content_type": 11, "object_id": "22", "object_repr": "2018-12-15 14:06:33-03:00", "action_flag": 1, "change_message": "[{\"added\": {}}]"}}, {"model": "admin.logentry", "pk": 35, "fields": {"action_time": "2018-12-15T17:07:13.072Z", "user": 1, "content_type": 11, "object_id": "23", "object_repr": "2018-12-15 14:07:05-03:00", "action_flag": 1, "change_message": "[{\"added\": {}}]"}}, {"model": "admin.logentry", "pk": 36, "fields": {"action_time": "2018-12-15T17:08:33.488Z", "user": 1, "content_type": 11, "object_id": "24", "object_repr": "2018-12-15 14:08:23-03:00", "action_flag": 1, "change_message": "[{\"added\": {}}]"}}, {"model": "admin.logentry", "pk": 37, "fields": {"action_time": "2018-12-15T17:12:15.339Z", "user": 5, "content_type": 12, "object_id": "1", "object_repr": "publicidada", "action_flag": 1, "change_message": "[{\"added\": {}}]"}}, {"model": "admin.logentry", "pk": 38, "fields": {"action_time": "2018-12-15T17:16:50.597Z", "user": 4, "content_type": 13, "object_id": "2", "object_repr": "Gastronom\u00eda", "action_flag": 1, "change_message": "[{\"added\": {}}]"}}, {"model": "admin.logentry", "pk": 39, "fields": {"action_time": "2018-12-15T17:16:59.791Z", "user": 4, "content_type": 13, "object_id": "3", "object_repr": "Hoteler\u00eda", "action_flag": 1, "change_message": "[{\"added\": {}}]"}}, {"model": "admin.logentry", "pk": 40, "fields": {"action_time": "2018-12-15T17:17:04.293Z", "user": 4, "content_type": 13, "object_id": "4", "object_repr": "Transporte", "action_flag": 1, "change_message": "[{\"added\": {}}]"}}, {"model": "admin.logentry", "pk": 41, "fields": {"action_time": "2018-12-15T17:17:21.567Z", "user": 4, "content_type": 13, "object_id": "5", "object_repr": "Agentes Tur\u00edsticos", "action_flag": 1, "change_message": "[{\"added\": {}}]"}}, {"model": "admin.logentry", "pk": 42, "fields": {"action_time": "2018-12-15T17:18:36.054Z", "user": 4, "content_type": 13, "object_id": "6", "object_repr": "Diversi\u00f3n y Recreaci\u00f3n", "action_flag": 1, "change_message": "[{\"added\": {}}]"}}, {"model": "admin.logentry", "pk": 43, "fields": {"action_time": "2018-12-15T17:20:26.035Z", "user": 4, "content_type": 13, "object_id": "1", "object_repr": "Servicio1", "action_flag": 3, "change_message": ""}}, {"model": "admin.logentry", "pk": 44, "fields": {"action_time": "2018-12-15T17:20:45.754Z", "user": 5, "content_type": 12, "object_id": "1", "object_repr": "publicidad 3 dias", "action_flag": 2, "change_message": "[{\"changed\": {\"fields\": [\"nombre\", \"puntos\"]}}]"}}, {"model": "admin.logentry", "pk": 45, "fields": {"action_time": "2018-12-15T17:21:01.724Z", "user": 5, "content_type": 12, "object_id": "1", "object_repr": "publicidad 3 dias", "action_flag": 2, "change_message": "[{\"changed\": {\"fields\": [\"servicio\"]}}]"}}, {"model": "admin.logentry", "pk": 46, "fields": {"action_time": "2018-12-15T17:21:25.867Z", "user": 5, "content_type": 12, "object_id": "2", "object_repr": "publicidad 3 dias", "action_flag": 1, "change_message": "[{\"added\": {}}]"}}, {"model": "admin.logentry", "pk": 47, "fields": {"action_time": "2018-12-15T17:21:36.270Z", "user": 5, "content_type": 12, "object_id": "2", "object_repr": "publicidad 3 dias", "action_flag": 2, "change_message": "[]"}}, {"model": "admin.logentry", "pk": 48, "fields": {"action_time": "2018-12-15T17:21:52.415Z", "user": 1, "content_type": 11, "object_id": "24", "object_repr": "2018-12-15 14:08:23-03:00", "action_flag": 2, "change_message": "[{\"changed\": {\"fields\": [\"proveedor\", \"capacitacion\"]}}]"}}, {"model": "admin.logentry", "pk": 49, "fields": {"action_time": "2018-12-15T17:22:12.003Z", "user": 1, "content_type": 11, "object_id": "26", "object_repr": "2018-12-15 14:22:04-03:00", "action_flag": 1, "change_message": "[{\"added\": {}}]"}}, {"model": "admin.logentry", "pk": 50, "fields": {"action_time": "2018-12-15T17:22:12.061Z", "user": 5, "content_type": 12, "object_id": "3", "object_repr": "publicidad 3 dias", "action_flag": 1, "change_message": "[{\"added\": {}}]"}}, {"model": "admin.logentry", "pk": 51, "fields": {"action_time": "2018-12-15T17:22:40.420Z", "user": 1, "content_type": 11, "object_id": "27", "object_repr": "2018-12-15 14:22:32-03:00", "action_flag": 1, "change_message": "[{\"added\": {}}]"}}, {"model": "admin.logentry", "pk": 52, "fields": {"action_time": "2018-12-15T17:23:27.483Z", "user": 5, "content_type": 12, "object_id": "4", "object_repr": "publicidad 3 dias", "action_flag": 1, "change_message": "[{\"added\": {}}]"}}, {"model": "admin.logentry", "pk": 53, "fields": {"action_time": "2018-12-15T17:23:49.800Z", "user": 5, "content_type": 12, "object_id": "5", "object_repr": "publicidad 3 dias", "action_flag": 1, "change_message": "[{\"added\": {}}]"}}, {"model": "admin.logentry", "pk": 54, "fields": {"action_time": "2018-12-15T17:24:05.398Z", "user": 1, "content_type": 11, "object_id": "28", "object_repr": "2018-12-15 14:23:57-03:00", "action_flag": 1, "change_message": "[{\"added\": {}}]"}}, {"model": "admin.logentry", "pk": 55, "fields": {"action_time": "2018-12-15T17:24:50.859Z", "user": 5, "content_type": 12, "object_id": "6", "object_repr": "publicidad 5 dias", "action_flag": 1, "change_message": "[{\"added\": {}}]"}}, {"model": "admin.logentry", "pk": 56, "fields": {"action_time": "2018-12-15T17:25:04.790Z", "user": 5, "content_type": 12, "object_id": "7", "object_repr": "publicidad 5 dias", "action_flag": 1, "change_message": "[{\"added\": {}}]"}}, {"model": "admin.logentry", "pk": 57, "fields": {"action_time": "2018-12-15T17:25:11.189Z", "user": 1, "content_type": 11, "object_id": "29", "object_repr": "2018-12-15 14:25:03-03:00", "action_flag": 1, "change_message": "[{\"added\": {}}]"}}, {"model": "admin.logentry", "pk": 58, "fields": {"action_time": "2018-12-15T17:25:18.524Z", "user": 5, "content_type": 12, "object_id": "8", "object_repr": "publicidad 5 dias", "action_flag": 1, "change_message": "[{\"added\": {}}]"}}, {"model": "admin.logentry", "pk": 59, "fields": {"action_time": "2018-12-15T17:25:32.561Z", "user": 5, "content_type": 12, "object_id": "9", "object_repr": "publicidad 5 dias", "action_flag": 1, "change_message": "[{\"added\": {}}]"}}, {"model": "admin.logentry", "pk": 60, "fields": {"action_time": "2018-12-15T17:26:12.105Z", "user": 5, "content_type": 12, "object_id": "9", "object_repr": "publicidad 5 dias", "action_flag": 3, "change_message": ""}}, {"model": "admin.logentry", "pk": 61, "fields": {"action_time": "2018-12-15T17:27:57.615Z", "user": 5, "content_type": 12, "object_id": "10", "object_repr": "publicidad 5 dias", "action_flag": 1, "change_message": "[{\"added\": {}}]"}}, {"model": "admin.logentry", "pk": 62, "fields": {"action_time": "2018-12-15T17:28:17.987Z", "user": 5, "content_type": 12, "object_id": "11", "object_repr": "publicidad 5 dias", "action_flag": 1, "change_message": "[{\"added\": {}}]"}}, {"model": "admin.logentry", "pk": 63, "fields": {"action_time": "2018-12-15T17:31:42.571Z", "user": 1, "content_type": 11, "object_id": "32", "object_repr": "2018-12-15 14:29:58-03:00", "action_flag": 1, "change_message": "[{\"added\": {}}]"}}, {"model": "admin.logentry", "pk": 64, "fields": {"action_time": "2018-12-15T17:32:02.196Z", "user": 1, "content_type": 11, "object_id": "33", "object_repr": "2018-12-15 14:31:55-03:00", "action_flag": 1, "change_message": "[{\"added\": {}}]"}}, {"model": "admin.logentry", "pk": 65, "fields": {"action_time": "2018-12-15T17:32:37.028Z", "user": 1, "content_type": 11, "object_id": "34", "object_repr": "2018-12-15 14:32:31-03:00", "action_flag": 1, "change_message": "[{\"added\": {}}]"}}, {"model": "admin.logentry", "pk": 66, "fields": {"action_time": "2018-12-15T17:38:01.701Z", "user": 5, "content_type": 12, "object_id": "12", "object_repr": "bien de uso 1", "action_flag": 1, "change_message": "[{\"added\": {}}]"}}, {"model": "admin.logentry", "pk": 67, "fields": {"action_time": "2018-12-15T17:38:22.364Z", "user": 5, "content_type": 12, "object_id": "13", "object_repr": "bien de uso 2", "action_flag": 1, "change_message": "[{\"added\": {}}]"}}, {"model": "admin.logentry", "pk": 68, "fields": {"action_time": "2018-12-15T17:38:49.400Z", "user": 5, "content_type": 12, "object_id": "14", "object_repr": "bien de uso 3", "action_flag": 1, "change_message": "[{\"added\": {}}]"}}, {"model": "admin.logentry", "pk": 69, "fields": {"action_time": "2018-12-15T17:39:05.577Z", "user": 5, "content_type": 12, "object_id": "15", "object_repr": "bien de uso 4", "action_flag": 1, "change_message": "[{\"added\": {}}]"}}, {"model": "admin.logentry", "pk": 70, "fields": {"action_time": "2018-12-15T17:39:25.452Z", "user": 5, "content_type": 12, "object_id": "16", "object_repr": "bien de uso 5", "action_flag": 1, "change_message": "[{\"added\": {}}]"}}, {"model": "admin.logentry", "pk": 71, "fields": {"action_time": "2018-12-15T17:40:53.509Z", "user": 1, "content_type": 11, "object_id": "35", "object_repr": "2018-12-15 14:40:45-03:00", "action_flag": 1, "change_message": "[{\"added\": {}}]"}}, {"model": "admin.logentry", "pk": 72, "fields": {"action_time": "2018-12-15T17:42:19.922Z", "user": 1, "content_type": 11, "object_id": "36", "object_repr": "2018-12-15 14:42:12-03:00", "action_flag": 1, "change_message": "[{\"added\": {}}]"}}, {"model": "admin.logentry", "pk": 73, "fields": {"action_time": "2018-12-15T17:43:04.329Z", "user": 1, "content_type": 11, "object_id": "37", "object_repr": "2018-12-15 14:42:57-03:00", "action_flag": 1, "change_message": "[{\"added\": {}}]"}}, {"model": "admin.logentry", "pk": 74, "fields": {"action_time": "2018-12-15T17:44:42.386Z", "user": 1, "content_type": 11, "object_id": "38", "object_repr": "2018-12-15 14:44:34-03:00", "action_flag": 1, "change_message": "[{\"added\": {}}]"}}, {"model": "admin.logentry", "pk": 75, "fields": {"action_time": "2018-12-15T17:44:59.650Z", "user": 4, "content_type": 12, "object_id": "17", "object_repr": "20% de descuento en Rentas Municipales", "action_flag": 1, "change_message": "[{\"added\": {}}]"}}, {"model": "admin.logentry", "pk": 76, "fields": {"action_time": "2018-12-15T17:45:25.077Z", "user": 1, "content_type": 11, "object_id": "38", "object_repr": "2018-12-15 14:44:34-03:00", "action_flag": 2, "change_message": "[{\"changed\": {\"fields\": [\"proveedor\"]}}]"}}, {"model": "admin.logentry", "pk": 77, "fields": {"action_time": "2018-12-15T17:45:45.954Z", "user": 4, "content_type": 13, "object_id": "7", "object_repr": "Gastronom\u00eda", "action_flag": 1, "change_message": "[{\"added\": {}}]"}}, {"model": "admin.logentry", "pk": 78, "fields": {"action_time": "2018-12-15T17:45:57.200Z", "user": 4, "content_type": 12, "object_id": "17", "object_repr": "20% de descuento en Rentas Municipales", "action_flag": 2, "change_message": "[{\"changed\": {\"fields\": [\"servicio\"]}}]"}}, {"model": "admin.logentry", "pk": 79, "fields": {"action_time": "2018-12-15T17:46:55.790Z", "user": 4, "content_type": 12, "object_id": "18", "object_repr": "40% de decuento en Rentas Municipales", "action_flag": 1, "change_message": "[{\"added\": {}}]"}}, {"model": "admin.logentry", "pk": 80, "fields": {"action_time": "2018-12-15T17:47:08.668Z", "user": 4, "content_type": 12, "object_id": "17", "object_repr": "20% de descuento en Rentas Municipales", "action_flag": 2, "change_message": "[{\"changed\": {\"fields\": [\"puntos\"]}}]"}}, {"model": "admin.logentry", "pk": 81, "fields": {"action_time": "2018-12-15T17:47:20.764Z", "user": 5, "content_type": 12, "object_id": "19", "object_repr": "exenci\u00f3n IIBB", "action_flag": 1, "change_message": "[{\"added\": {}}]"}}, {"model": "admin.logentry", "pk": 82, "fields": {"action_time": "2018-12-15T17:50:38.297Z", "user": 5, "content_type": 12, "object_id": "18", "object_repr": "40% de decuento en Rentas Municipales", "action_flag": 2, "change_message": "[]"}}, {"model": "admin.logentry", "pk": 83, "fields": {"action_time": "2018-12-15T17:56:19.996Z", "user": 5, "content_type": 12, "object_id": "17", "object_repr": "20% de descuento en Rentas Municipales", "action_flag": 2, "change_message": "[]"}}, {"model": "admin.logentry", "pk": 84, "fields": {"action_time": "2018-12-15T17:59:23.092Z", "user": 1, "content_type": 11, "object_id": "42", "object_repr": "2018-12-15 14:56:00-03:00", "action_flag": 1, "change_message": "[{\"added\": {}}]"}}, {"model": "admin.logentry", "pk": 85, "fields": {"action_time": "2018-12-15T17:59:41.888Z", "user": 1, "content_type": 11, "object_id": "43", "object_repr": "2018-12-15 14:59:34-03:00", "action_flag": 1, "change_message": "[{\"added\": {}}]"}}, {"model": "admin.logentry", "pk": 86, "fields": {"action_time": "2018-12-15T21:29:02.884Z", "user": 1, "content_type": 18, "object_id": "4", "object_repr": "ege", "action_flag": 3, "change_message": ""}}, {"model": "admin.logentry", "pk": 87, "fields": {"action_time": "2018-12-15T21:29:02.900Z", "user": 1, "content_type": 18, "object_id": "3", "object_repr": "gsbge", "action_flag": 3, "change_message": ""}}, {"model": "admin.logentry", "pk": 88, "fields": {"action_time": "2018-12-15T21:29:02.907Z", "user": 1, "content_type": 18, "object_id": "2", "object_repr": "gsbge", "action_flag": 3, "change_message": ""}}, {"model": "admin.logentry", "pk": 89, "fields": {"action_time": "2018-12-15T21:29:02.911Z", "user": 1, "content_type": 18, "object_id": "1", "object_repr": "eheh", "action_flag": 3, "change_message": ""}}, {"model": "admin.logentry", "pk": 90, "fields": {"action_time": "2018-12-16T07:51:06.444Z", "user": 1, "content_type": 11, "object_id": "44", "object_repr": "2018-12-16 04:50:53-03:00", "action_flag": 1, "change_message": "[{\"added\": {}}]"}}, {"model": "admin.logentry", "pk": 91, "fields": {"action_time": "2018-12-16T07:52:04.311Z", "user": 1, "content_type": 11, "object_id": "45", "object_repr": "2018-12-16 04:51:38-03:00", "action_flag": 1, "change_message": "[{\"added\": {}}]"}}, {"model": "admin.logentry", "pk": 92, "fields": {"action_time": "2018-12-16T08:18:57.404Z", "user": 1, "content_type": 17, "object_id": "7", "object_repr": "Seguridad Tur\u00edstica", "action_flag": 2, "change_message": "[{\"changed\": {\"fields\": [\"ubicacion\"]}}]"}}, {"model": "admin.logentry", "pk": 93, "fields": {"action_time": "2018-12-16T08:38:36.858Z", "user": 1, "content_type": 14, "object_id": "2", "object_repr": "proveedor2", "action_flag": 2, "change_message": "[{\"changed\": {\"fields\": [\"servicio\"]}}]"}}, {"model": "admin.logentry", "pk": 94, "fields": {"action_time": "2018-12-16T09:34:41.523Z", "user": 1, "content_type": 14, "object_id": "1", "object_repr": "Proveedor 1", "action_flag": 2, "change_message": "[{\"changed\": {\"fields\": [\"nombre\", \"servicio\"]}}]"}}, {"model": "admin.logentry", "pk": 95, "fields": {"action_time": "2018-12-16T09:34:50.931Z", "user": 1, "content_type": 14, "object_id": "2", "object_repr": "Proveedor 2", "action_flag": 2, "change_message": "[{\"changed\": {\"fields\": [\"nombre\"]}}]"}}, {"model": "admin.logentry", "pk": 96, "fields": {"action_time": "2018-12-16T09:39:46.673Z", "user": 1, "content_type": 11, "object_id": "46", "object_repr": "2018-12-16 06:39:15-03:00", "action_flag": 1, "change_message": "[{\"added\": {}}]"}}, {"model": "admin.logentry", "pk": 97, "fields": {"action_time": "2018-12-16T10:02:14.172Z", "user": 1, "content_type": 14, "object_id": "4", "object_repr": "Proveedor 3", "action_flag": 1, "change_message": "[{\"added\": {}}]"}}, {"model": "admin.logentry", "pk": 98, "fields": {"action_time": "2018-12-16T10:02:48.124Z", "user": 1, "content_type": 14, "object_id": "5", "object_repr": "Proveedor 4", "action_flag": 1, "change_message": "[{\"added\": {}}]"}}, {"model": "admin.logentry", "pk": 99, "fields": {"action_time": "2018-12-16T10:03:21.250Z", "user": 1, "content_type": 14, "object_id": "6", "object_repr": "Proveedor 5", "action_flag": 1, "change_message": "[{\"added\": {}}]"}}, {"model": "admin.logentry", "pk": 100, "fields": {"action_time": "2018-12-16T10:31:12.609Z", "user": 1, "content_type": 14, "object_id": "6", "object_repr": "Proveedor 5", "action_flag": 3, "change_message": ""}}, {"model": "admin.logentry", "pk": 101, "fields": {"action_time": "2018-12-16T11:42:04.824Z", "user": 1, "content_type": 14, "object_id": "5", "object_repr": "Proveedor 4", "action_flag": 2, "change_message": "[{\"changed\": {\"fields\": [\"servicio\"]}}]"}}, {"model": "admin.logentry", "pk": 102, "fields": {"action_time": "2018-12-16T11:42:09.881Z", "user": 1, "content_type": 14, "object_id": "4", "object_repr": "Proveedor 3", "action_flag": 2, "change_message": "[]"}}]